trip_id,rider_id,driver_id,pickup_location,drop_location,city,distance_km,surge_multiplier,base_fare,fare_amount,trip_status,requested_at,accepted_at,completed_at,cancelled_at
1,65,23.0,"91 Street, MG Road","141 Main Rd, Powai",Delhi,12.58,1.0,179.84,75.0,CANCELLED,2025-06-24 17:05:06,,,2025-06-24 17:07:06
2,9,4.0,"64 Main Rd, Aundh","164 Main Rd, Viman Nagar",Ahmedabad,17.6,1.5,66.27,337.9,COMPLETED,2024-12-29 13:41:23,2024-12-29 13:49:23,2024-12-29 14:52:23,
3,13,41.0,"154 Layout, HSR","110 Street, Gachibowli",Bengaluru,15.65,1.2,134.73,428.11,COMPLETED,2025-05-27 16:41:49,2025-05-27 16:46:49,2025-05-27 17:54:49,
4,44,49.0,"110 Cross, Salt Lake","27 Main Rd, Powai",Kolkata,15.6,1.2,83.95,0.0,ACCEPTED,2024-04-05 17:05:43,2024-04-05 17:11:43,,
5,7,9.0,"42 Main Rd, MG Road","147 Cross, Viman Nagar",Mumbai,16.48,1.0,142.25,367.48,COMPLETED,2024-03-16 00:47:27,2024-03-16 00:52:27,2024-03-16 02:01:27,
6,44,65.0,"184 Layout, HSR","148 Cross, Indiranagar",Kolkata,4.95,1.2,157.51,240.59,COMPLETED,2025-09-28 23:52:09,2025-09-28 23:56:09,2025-09-29 00:15:09,
7,16,14.0,"49 Main Rd, Salt Lake","72 Main Rd, Gachibowli",Kolkata,22.2,1.0,66.72,460.53,COMPLETED,2024-09-15 18:43:29,2024-09-15 18:45:29,2024-09-15 19:49:29,
8,21,66.0,"230 Main Rd, MG Road","176 Street, Powai",Mumbai,5.57,1.5,103.85,199.15,COMPLETED,2024-04-10 03:30:09,2024-04-10 03:34:09,2024-04-10 03:51:09,
9,22,4.0,"199 Cross, MG Road","10 Main Rd, Gachibowli",Ahmedabad,8.99,1.0,77.47,208.53,COMPLETED,2024-02-25 11:01:00,2024-02-25 11:04:00,2024-02-25 11:43:00,
10,65,56.0,"8 Main Rd, Adyar","174 Layout, Connaught Place",Delhi,8.23,1.0,111.19,0.0,ACCEPTED,2025-05-31 08:06:34,2025-05-31 08:13:34,,
11,61,,"50 Cross, HSR","138 Cross, Gachibowli",Kolkata,3.58,1.2,77.53,0.0,CANCELLED,2025-02-12 23:43:16,,,2025-02-13 00:01:16
12,13,41.0,"53 Street, Adyar","168 Main Rd, Gachibowli",Bengaluru,18.73,1.2,75.25,415.65,COMPLETED,2025-10-14 23:41:59,2025-10-14 23:43:59,2025-10-15 00:07:59,
13,67,57.0,"181 Cross, Bandra","14 Cross, Viman Nagar",Ahmedabad,9.09,1.2,150.04,346.22,COMPLETED,2024-02-22 16:00:57,2024-02-22 16:01:57,2024-02-22 16:25:57,
14,51,66.0,"100 Main Rd, Salt Lake","11 Main Rd, Indiranagar",Mumbai,12.7,1.5,112.87,387.37,COMPLETED,2024-07-22 17:15:54,2024-07-22 17:16:54,2024-07-22 18:20:54,
15,48,48.0,"140 Cross, HSR","148 Street, Powai",Ahmedabad,10.01,1.0,95.8,258.92,COMPLETED,2024-11-10 19:07:18,2024-11-10 19:11:18,2024-11-10 19:59:18,
16,13,39.0,"104 Cross, Adyar","76 Street, Indiranagar",Bengaluru,5.29,1.5,132.15,0.0,ONGOING,2024-08-18 17:53:19,2024-08-18 17:54:19,,
17,65,,"179 Main Rd, MG Road","91 Street, Powai",Delhi,7.92,1.2,93.97,0.0,CANCELLED,2025-07-06 21:50:13,,,2025-07-06 21:56:13
18,49,52.0,"172 Street, MG Road","118 Cross, T Nagar",Ahmedabad,8.96,1.2,108.72,209.66,COMPLETED,2024-12-13 16:28:03,2024-12-13 16:31:03,2024-12-13 17:34:03,
19,56,20.0,"220 Street, Adyar","70 Layout, Viman Nagar",Kolkata,7.95,1.0,78.65,0.0,ACCEPTED,2025-11-14 17:23:01,2025-11-14 17:25:01,,
20,15,,"129 Street, Aundh","208 Layout, Powai",Kolkata,10.09,1.0,78.56,0.0,CANCELLED,2025-07-03 08:08:12,,,2025-07-03 08:20:12
21,55,19.0,"139 Layout, Aundh","170 Street, Gachibowli",Delhi,14.93,1.0,137.71,313.35,COMPLETED,2025-02-02 02:54:40,2025-02-02 03:02:40,2025-02-02 04:20:40,
22,80,33.0,"250 Layout, Adyar","153 Street, T Nagar",Hyderabad,14.74,1.2,141.76,393.32,COMPLETED,2025-03-27 12:29:17,2025-03-27 12:34:17,2025-03-27 13:31:17,
23,13,39.0,"52 Layout, MG Road","29 Main Rd, Viman Nagar",Bengaluru,10.23,1.5,173.26,327.07,COMPLETED,2025-05-09 22:57:59,2025-05-09 22:59:59,2025-05-09 23:57:59,
24,59,,"50 Street, MG Road","6 Main Rd, T Nagar",Ahmedabad,9.0,1.0,83.88,0.0,CANCELLED,2025-10-15 03:40:09,,,2025-10-15 03:49:09
25,32,54.0,"130 Cross, Aundh","41 Street, Connaught Place",Pune,11.47,1.0,106.92,0.0,ACCEPTED,2025-07-12 19:46:31,2025-07-12 19:53:31,,
26,45,,"126 Cross, Salt Lake","222 Main Rd, Connaught Place",Mumbai,23.6,1.5,111.06,0.0,REQUESTED,2025-07-26 00:39:38,,,
27,16,65.0,"215 Street, MG Road","53 Main Rd, Indiranagar",Kolkata,13.68,1.5,68.5,0.0,ACCEPTED,2024-10-04 18:28:45,2024-10-04 18:30:45,,
28,7,35.0,"126 Street, Adyar","190 Layout, T Nagar",Mumbai,10.9,1.2,116.92,318.84,COMPLETED,2025-05-30 14:16:42,2025-05-30 14:18:42,2025-05-30 15:11:42,
29,6,35.0,"43 Layout, MG Road","191 Main Rd, Powai",Mumbai,23.56,1.5,123.58,605.4,COMPLETED,2025-07-23 03:16:15,2025-07-23 03:18:15,2025-07-23 03:36:15,
30,54,56.0,"97 Main Rd, Bandra","204 Layout, Gachibowli",Delhi,18.4,1.5,98.17,485.02,COMPLETED,2024-09-03 06:59:55,2024-09-03 07:00:55,2024-09-03 07:27:55,
31,14,16.0,"222 Street, Aundh","35 Street, Gachibowli",Bengaluru,2.64,1.0,67.55,0.0,ACCEPTED,2025-08-19 02:57:19,2025-08-19 03:04:19,,
32,33,10.0,"73 Cross, Aundh","228 Layout, Powai",Pune,13.04,1.0,161.38,287.4,COMPLETED,2025-02-06 20:28:38,2025-02-06 20:36:38,2025-02-06 21:41:38,
33,6,53.0,"101 Street, Aundh","208 Main Rd, Gachibowli",Mumbai,10.4,1.5,163.11,424.59,COMPLETED,2025-01-15 22:30:55,2025-01-15 22:37:55,2025-01-15 22:58:55,
34,33,46.0,"245 Main Rd, HSR","80 Street, Gachibowli",Pune,11.24,1.2,178.6,303.78,COMPLETED,2025-07-05 15:36:06,2025-07-05 15:42:06,2025-07-05 16:53:06,
35,71,28.0,"237 Main Rd, HSR","53 Cross, T Nagar",Delhi,10.57,1.5,158.3,378.87,COMPLETED,2024-05-26 08:59:54,2024-05-26 09:04:54,2024-05-26 09:37:54,
36,21,35.0,"100 Main Rd, MG Road","63 Street, Connaught Place",Mumbai,4.95,1.5,163.86,50.0,CANCELLED,2025-12-09 13:03:56,,,2025-12-09 13:23:56
37,34,9.0,"133 Street, HSR","44 Street, Powai",Mumbai,12.1,1.2,124.02,0.0,ACCEPTED,2025-08-30 19:18:36,2025-08-30 19:21:36,,
38,76,46.0,"181 Street, Bandra","97 Layout, Powai",Pune,10.83,1.0,144.94,292.32,COMPLETED,2025-08-18 21:25:29,2025-08-18 21:26:29,2025-08-18 21:51:29,
39,8,12.0,"46 Street, Aundh","116 Cross, Powai",Chennai,8.12,1.5,143.8,277.23,COMPLETED,2024-08-13 18:35:44,2024-08-13 18:41:44,2024-08-13 19:17:44,
40,54,19.0,"102 Cross, Salt Lake","144 Cross, Indiranagar",Delhi,15.55,1.2,156.6,335.37,COMPLETED,2024-01-02 02:32:57,2024-01-02 02:33:57,2024-01-02 03:05:57,
41,34,,"121 Layout, Salt Lake","93 Street, Connaught Place",Mumbai,2.43,1.0,128.9,0.0,REQUESTED,2025-07-14 16:55:35,,,
42,46,68.0,"15 Layout, Salt Lake","184 Main Rd, Connaught Place",Ahmedabad,2.53,1.5,132.35,197.14,COMPLETED,2025-03-01 21:03:01,2025-03-01 21:08:01,2025-03-01 22:07:01,
43,44,14.0,"222 Street, Aundh","127 Cross, T Nagar",Kolkata,18.75,1.0,168.09,338.19,COMPLETED,2024-02-10 13:52:42,2024-02-10 13:53:42,2024-02-10 15:09:42,
44,68,59.0,"6 Layout, Aundh","64 Layout, Powai",Pune,22.88,1.2,92.74,75.0,CANCELLED,2024-04-09 21:40:06,,,2024-04-09 21:54:06
45,76,54.0,"240 Cross, Salt Lake","3 Cross, Gachibowli",Pune,18.22,1.0,63.14,50.0,CANCELLED,2025-08-04 10:48:18,,,2025-08-04 11:05:18
46,56,20.0,"190 Main Rd, Salt Lake","250 Cross, Viman Nagar",Kolkata,5.33,1.0,88.88,149.38,COMPLETED,2024-01-19 09:25:41,2024-01-19 09:28:41,2024-01-19 10:32:41,
47,55,23.0,"128 Main Rd, MG Road","74 Layout, T Nagar",Delhi,3.58,1.2,84.27,152.49,COMPLETED,2025-05-04 14:13:36,2025-05-04 14:21:36,2025-05-04 15:14:36,
48,65,,"102 Cross, HSR","217 Street, Gachibowli",Delhi,11.09,1.2,109.29,0.0,REQUESTED,2025-10-02 00:30:16,,,
49,8,11.0,"90 Street, Bandra","117 Layout, Gachibowli",Chennai,7.38,1.0,79.16,189.36,COMPLETED,2024-07-20 10:35:57,2024-07-20 10:41:57,2024-07-20 11:05:57,
50,12,35.0,"74 Cross, MG Road","229 Layout, Viman Nagar",Mumbai,21.31,1.2,83.1,427.29,COMPLETED,2024-02-20 19:33:39,2024-02-20 19:37:39,2024-02-20 20:07:39,
51,27,62.0,"233 Cross, Adyar","90 Layout, Powai",Mumbai,20.52,1.2,139.36,0.0,ACCEPTED,2025-12-14 06:20:14,2025-12-14 06:27:14,,
52,38,16.0,"144 Layout, Bandra","247 Layout, Indiranagar",Bengaluru,10.37,1.0,136.07,75.0,CANCELLED,2025-01-18 16:43:00,,,2025-01-18 16:49:00
53,12,,"230 Street, MG Road","172 Layout, Powai",Mumbai,6.01,1.5,82.2,0.0,REQUESTED,2024-09-15 20:38:51,,,
54,45,66.0,"137 Cross, Bandra","38 Layout, Indiranagar",Mumbai,10.01,1.2,106.21,263.36,COMPLETED,2024-06-02 23:02:14,2024-06-02 23:05:14,2024-06-02 23:56:14,
55,50,43.0,"37 Layout, Salt Lake","24 Cross, Indiranagar",Hyderabad,8.13,1.0,92.31,209.99,COMPLETED,2024-06-07 08:14:14,2024-06-07 08:15:14,2024-06-07 09:28:14,
56,4,57.0,"240 Main Rd, MG Road","246 Street, T Nagar",Ahmedabad,5.07,1.2,88.65,0.0,ONGOING,2025-03-14 13:21:03,2025-03-14 13:24:03,,
57,75,44.0,"209 Street, Aundh","112 Layout, T Nagar",Chennai,14.65,1.0,90.7,286.91,COMPLETED,2024-01-02 19:38:45,2024-01-02 19:42:45,2024-01-02 20:28:45,
58,34,35.0,"154 Cross, Aundh","1 Main Rd, Connaught Place",Mumbai,13.77,1.0,103.13,0.0,ONGOING,2025-11-24 20:26:28,2025-11-24 20:27:28,,
59,65,23.0,"99 Layout, Salt Lake","61 Street, Connaught Place",Delhi,2.88,1.0,130.62,154.5,COMPLETED,2024-11-03 20:07:22,2024-11-03 20:12:22,2024-11-03 21:29:22,
60,33,10.0,"155 Street, HSR","225 Main Rd, Powai",Pune,14.34,1.0,115.51,251.28,COMPLETED,2025-09-08 17:25:36,2025-09-08 17:30:36,2025-09-08 18:18:36,
61,2,4.0,"83 Cross, Adyar","206 Layout, Connaught Place",Ahmedabad,1.61,1.0,136.43,0.0,ACCEPTED,2024-08-31 22:00:56,2024-08-31 22:07:56,,
62,72,57.0,"70 Street, Bandra","181 Layout, T Nagar",Ahmedabad,12.24,1.2,104.62,20.0,CANCELLED,2025-12-29 14:36:36,,,2025-12-29 14:45:36
63,54,63.0,"28 Layout, HSR","45 Cross, Connaught Place",Delhi,16.25,1.5,88.13,0.0,ONGOING,2024-01-28 16:59:12,2024-01-28 17:03:12,,
64,19,54.0,"187 Main Rd, Aundh","128 Street, Viman Nagar",Pune,2.13,1.5,99.38,139.35,COMPLETED,2024-10-01 09:52:07,2024-10-01 10:00:07,2024-10-01 10:23:07,
65,60,46.0,"160 Layout, MG Road","115 Layout, Gachibowli",Pune,21.7,1.2,77.06,305.54,COMPLETED,2024-09-21 07:25:42,2024-09-21 07:27:42,2024-09-21 07:56:42,
66,60,46.0,"68 Cross, Bandra","223 Main Rd, Connaught Place",Pune,12.57,1.0,161.52,349.45,COMPLETED,2025-12-07 21:44:37,2025-12-07 21:50:37,2025-12-07 22:47:37,
67,26,40.0,"82 Street, Aundh","236 Layout, T Nagar",Hyderabad,4.01,1.5,100.67,190.63,COMPLETED,2024-02-12 18:29:17,2024-02-12 18:33:17,2024-02-12 19:21:17,
68,61,,"20 Cross, Adyar","239 Cross, T Nagar",Kolkata,2.06,1.5,128.42,0.0,REQUESTED,2025-06-27 00:08:22,,,
69,31,60.0,"48 Cross, Salt Lake","70 Main Rd, Viman Nagar",Hyderabad,12.15,1.0,130.8,255.24,COMPLETED,2024-07-22 02:32:36,2024-07-22 02:35:36,2024-07-22 03:43:36,
70,58,66.0,"153 Layout, HSR","134 Cross, Powai",Mumbai,15.44,1.2,79.14,0.0,ACCEPTED,2025-05-02 19:24:53,2025-05-02 19:25:53,,
71,25,51.0,"172 Layout, HSR","8 Main Rd, Viman Nagar",Chennai,3.28,1.5,160.84,0.0,ONGOING,2025-02-02 21:22:09,2025-02-02 21:27:09,,
72,71,23.0,"105 Main Rd, HSR","231 Main Rd, Connaught Place",Delhi,11.63,1.5,157.31,315.26,COMPLETED,2024-11-01 23:57:56,2024-11-02 00:04:56,2024-11-02 01:21:56,
73,12,9.0,"20 Main Rd, MG Road","228 Cross, T Nagar",Mumbai,14.04,1.2,174.83,0.0,ONGOING,2025-09-02 10:20:26,2025-09-02 10:25:26,,
74,50,70.0,"96 Cross, Aundh","214 Main Rd, Indiranagar",Hyderabad,2.52,1.2,177.33,219.16,COMPLETED,2025-02-17 19:42:56,2025-02-17 19:48:56,2025-02-17 21:11:56,
75,19,59.0,"163 Layout, Adyar","96 Layout, Connaught Place",Pune,12.69,1.0,86.51,269.87,COMPLETED,2024-12-10 20:16:18,2024-12-10 20:20:18,2024-12-10 20:48:18,
76,40,49.0,"192 Cross, Bandra","7 Main Rd, Connaught Place",Kolkata,1.68,1.5,127.77,165.15,COMPLETED,2025-03-09 22:33:28,2025-03-09 22:34:28,2025-03-09 23:34:28,
77,29,63.0,"24 Main Rd, Bandra","103 Layout, Viman Nagar",Delhi,2.35,1.0,138.98,160.23,COMPLETED,2024-12-29 04:04:31,2024-12-29 04:08:31,2024-12-29 05:10:31,
78,15,,"231 Cross, Adyar","170 Cross, Indiranagar",Kolkata,6.3,1.0,178.59,0.0,REQUESTED,2025-03-15 17:03:10,,,
79,55,,"214 Cross, Bandra","79 Main Rd, Powai",Delhi,13.93,1.2,125.11,0.0,CANCELLED,2024-02-28 16:09:26,,,2024-02-28 16:21:26
80,44,,"39 Street, HSR","93 Main Rd, Viman Nagar",Kolkata,9.67,1.0,137.4,0.0,CANCELLED,2025-07-27 00:38:30,,,2025-07-27 00:40:30
81,35,44.0,"155 Main Rd, Aundh","25 Street, Powai",Chennai,20.87,1.0,175.3,411.3,COMPLETED,2025-12-01 18:45:09,2025-12-01 18:46:09,2025-12-01 19:37:09,
82,51,9.0,"42 Layout, MG Road","60 Street, Gachibowli",Mumbai,12.46,1.2,172.85,297.27,COMPLETED,2025-11-05 17:04:24,2025-11-05 17:08:24,2025-11-05 17:46:24,
83,27,,"161 Layout, MG Road","48 Main Rd, Gachibowli",Mumbai,1.78,1.0,127.4,0.0,CANCELLED,2025-06-29 00:02:40,,,2025-06-29 00:04:40
84,63,13.0,"127 Street, HSR","246 Layout, Indiranagar",Mumbai,14.72,1.5,102.3,490.5,COMPLETED,2025-12-23 22:31:52,2025-12-23 22:36:52,2025-12-23 23:16:52,
85,80,40.0,"166 Layout, HSR","52 Cross, Viman Nagar",Hyderabad,19.95,1.2,79.74,407.88,COMPLETED,2024-11-20 17:21:34,2024-11-20 17:25:34,2024-11-20 18:26:34,
86,75,,"161 Street, Bandra","170 Main Rd, Viman Nagar",Chennai,12.35,1.5,153.91,0.0,REQUESTED,2025-03-29 14:44:49,,,
87,64,59.0,"242 Street, Aundh","106 Cross, Gachibowli",Pune,3.4,1.2,128.8,185.07,COMPLETED,2025-02-13 13:10:33,2025-02-13 13:17:33,2025-02-13 14:31:33,
88,73,,"209 Main Rd, Adyar","196 Layout, T Nagar",Hyderabad,18.79,1.5,109.92,0.0,CANCELLED,2025-02-14 22:04:51,,,2025-02-14 22:13:51
89,65,19.0,"195 Street, HSR","147 Main Rd, Indiranagar",Delhi,2.68,1.0,70.97,0.0,ACCEPTED,2025-03-10 23:00:09,2025-03-10 23:03:09,,
90,34,35.0,"243 Main Rd, Aundh","171 Main Rd, Viman Nagar",Mumbai,2.01,1.5,98.43,0.0,ONGOING,2024-01-11 01:18:35,2024-01-11 01:25:35,,
91,38,38.0,"230 Layout, Aundh","249 Layout, Indiranagar",Bengaluru,12.66,1.2,98.08,298.22,COMPLETED,2025-06-19 22:37:43,2025-06-19 22:38:43,2025-06-19 23:32:43,
92,24,46.0,"75 Cross, Adyar","98 Cross, Gachibowli",Pune,19.75,1.0,67.51,286.43,COMPLETED,2024-05-01 00:49:48,2024-05-01 00:54:48,2024-05-01 01:49:48,
93,48,68.0,"240 Street, HSR","219 Main Rd, Indiranagar",Ahmedabad,13.86,1.5,156.63,372.4,COMPLETED,2025-12-19 09:18:43,2025-12-19 09:20:43,2025-12-19 10:29:43,
94,67,,"129 Layout, Adyar","234 Layout, Indiranagar",Ahmedabad,22.43,1.2,102.9,0.0,CANCELLED,2024-02-15 08:59:36,,,2024-02-15 09:00:36
95,4,,"179 Main Rd, Adyar","204 Cross, Gachibowli",Ahmedabad,12.51,1.2,162.93,0.0,CANCELLED,2024-12-05 06:20:10,,,2024-12-05 06:38:10
96,32,46.0,"73 Layout, HSR","193 Cross, Viman Nagar",Pune,19.29,1.5,70.09,443.2,COMPLETED,2025-04-03 18:08:17,2025-04-03 18:10:17,2025-04-03 19:22:17,
97,25,44.0,"187 Main Rd, Aundh","94 Layout, Indiranagar",Chennai,9.95,1.0,61.29,75.0,CANCELLED,2025-05-24 04:51:03,,,2025-05-24 04:58:03
98,6,9.0,"192 Cross, HSR","114 Street, Gachibowli",Mumbai,6.54,1.0,129.93,189.82,COMPLETED,2025-01-29 00:18:32,2025-01-29 00:24:32,2025-01-29 01:40:32,
99,18,41.0,"161 Main Rd, Bandra","29 Street, Powai",Bengaluru,11.81,1.2,101.82,272.8,COMPLETED,2024-09-16 16:41:38,2024-09-16 16:48:38,2024-09-16 17:59:38,
100,18,42.0,"161 Cross, Salt Lake","20 Main Rd, Gachibowli",Bengaluru,21.65,1.2,121.99,517.66,COMPLETED,2024-01-10 09:54:01,2024-01-10 10:02:01,2024-01-10 10:35:01,
101,9,57.0,"65 Layout, Aundh","155 Street, Gachibowli",Ahmedabad,14.61,1.2,129.49,340.09,COMPLETED,2025-01-06 10:54:16,2025-01-06 10:59:16,2025-01-06 11:56:16,
102,69,59.0,"138 Street, MG Road","177 Cross, Powai",Pune,6.04,1.2,84.07,0.0,ACCEPTED,2025-04-11 08:02:31,2025-04-11 08:03:31,,
103,27,9.0,"114 Main Rd, Aundh","95 Layout, Powai",Mumbai,3.45,1.0,132.1,184.54,COMPLETED,2024-02-26 04:40:34,2024-02-26 04:48:34,2024-02-26 06:09:34,
104,74,52.0,"30 Layout, Bandra","155 Main Rd, T Nagar",Ahmedabad,2.22,1.0,154.09,173.45,COMPLETED,2024-06-05 17:29:37,2024-06-05 17:30:37,2024-06-05 18:03:37,
105,45,66.0,"69 Main Rd, Salt Lake","79 Street, Viman Nagar",Mumbai,1.94,1.0,160.4,176.1,COMPLETED,2024-04-04 02:50:42,2024-04-04 02:53:42,2024-04-04 03:24:42,
106,38,16.0,"226 Cross, HSR","50 Cross, Powai",Bengaluru,23.98,1.2,168.68,501.05,COMPLETED,2025-10-21 01:13:15,2025-10-21 01:18:15,2025-10-21 02:09:15,
107,64,59.0,"195 Main Rd, Aundh","80 Street, Connaught Place",Pune,23.09,1.0,151.98,493.26,COMPLETED,2025-04-12 01:18:24,2025-04-12 01:25:24,2025-04-12 01:49:24,
108,9,48.0,"85 Street, Adyar","128 Layout, Indiranagar",Ahmedabad,8.78,1.2,138.98,235.19,COMPLETED,2024-08-25 11:24:38,2024-08-25 11:30:38,2024-08-25 12:44:38,
109,26,43.0,"133 Street, Aundh","201 Cross, Indiranagar",Hyderabad,22.36,1.5,85.07,540.43,COMPLETED,2025-05-30 10:35:38,2025-05-30 10:37:38,2025-05-30 11:01:38,
110,50,64.0,"179 Street, HSR","141 Layout, T Nagar",Hyderabad,10.97,1.0,161.85,0.0,ONGOING,2025-07-26 16:16:52,2025-07-26 16:21:52,,
111,21,58.0,"163 Street, Bandra","14 Cross, Viman Nagar",Mumbai,21.39,1.5,145.99,723.51,COMPLETED,2024-11-13 09:58:10,2024-11-13 10:06:10,2024-11-13 11:00:10,
112,3,,"204 Layout, Salt Lake","26 Main Rd, Connaught Place",Ahmedabad,7.17,1.5,105.34,0.0,CANCELLED,2025-12-22 09:53:12,,,2025-12-22 10:05:12
113,13,16.0,"86 Cross, Aundh","124 Main Rd, Connaught Place",Bengaluru,2.68,1.5,153.85,0.0,ONGOING,2025-05-03 12:37:48,2025-05-03 12:38:48,,
114,54,,"206 Street, Bandra","236 Layout, Gachibowli",Delhi,22.38,1.2,166.07,0.0,CANCELLED,2025-03-17 21:32:01,,,2025-03-17 21:49:01
115,52,32.0,"196 Main Rd, Bandra","231 Layout, Viman Nagar",Bengaluru,16.59,1.2,158.39,480.98,COMPLETED,2024-06-08 10:31:46,2024-06-08 10:33:46,2024-06-08 11:39:46,
116,43,49.0,"46 Main Rd, HSR","2 Layout, T Nagar",Kolkata,16.28,1.0,88.89,50.0,CANCELLED,2024-06-22 19:37:21,,,2024-06-22 19:53:21
117,50,43.0,"67 Street, HSR","101 Street, Indiranagar",Hyderabad,3.64,1.0,102.72,165.41,COMPLETED,2024-05-07 12:03:15,2024-05-07 12:10:15,2024-05-07 13:13:15,
118,20,66.0,"86 Main Rd, HSR","106 Cross, Gachibowli",Mumbai,11.76,1.0,96.48,251.05,COMPLETED,2025-07-27 13:04:06,2025-07-27 13:05:06,2025-07-27 13:58:06,
119,71,28.0,"52 Street, Aundh","63 Street, Powai",Delhi,23.44,1.0,137.18,0.0,ONGOING,2025-11-01 19:55:06,2025-11-01 20:01:06,,
120,27,58.0,"30 Main Rd, Salt Lake","229 Cross, Viman Nagar",Mumbai,23.93,1.5,169.82,0.0,ACCEPTED,2025-12-11 06:42:53,2025-12-11 06:43:53,,
121,19,59.0,"1 Main Rd, HSR","216 Main Rd, Gachibowli",Pune,4.12,1.5,155.67,0.0,ONGOING,2024-06-17 09:49:47,2024-06-17 09:53:47,,
122,17,52.0,"31 Main Rd, MG Road","48 Cross, Gachibowli",Ahmedabad,16.62,1.5,75.86,0.0,ACCEPTED,2025-10-06 16:19:26,2025-10-06 16:21:26,,
123,55,23.0,"250 Layout, MG Road","133 Cross, Connaught Place",Delhi,21.31,1.0,163.07,422.97,COMPLETED,2025-06-23 00:30:20,2025-06-23 00:33:20,2025-06-23 00:48:20,
124,63,35.0,"30 Cross, Aundh","65 Layout, Gachibowli",Mumbai,6.11,1.5,111.18,0.0,ONGOING,2025-07-07 14:54:13,2025-07-07 15:01:13,,
125,19,54.0,"168 Street, HSR","24 Layout, Connaught Place",Pune,8.8,1.2,148.44,245.41,COMPLETED,2025-11-30 17:04:01,2025-11-30 17:10:01,2025-11-30 17:40:01,
126,36,46.0,"111 Street, Aundh","173 Layout, T Nagar",Pune,10.86,1.0,127.6,274.36,COMPLETED,2024-11-24 15:02:04,2024-11-24 15:03:04,2024-11-24 15:52:04,
127,22,30.0,"155 Layout, Salt Lake","117 Main Rd, Viman Nagar",Ahmedabad,2.45,1.2,108.08,152.86,COMPLETED,2024-07-02 00:42:45,2024-07-02 00:46:45,2024-07-02 01:42:45,
128,17,4.0,"107 Main Rd, Bandra","185 Layout, Gachibowli",Ahmedabad,4.61,1.0,125.28,172.23,COMPLETED,2025-03-24 16:16:58,2025-03-24 16:23:58,2025-03-24 17:27:58,
129,52,2.0,"69 Main Rd, Bandra","41 Layout, Indiranagar",Bengaluru,4.76,1.5,104.53,182.2,COMPLETED,2024-08-03 16:23:06,2024-08-03 16:24:06,2024-08-03 17:24:06,
130,19,8.0,"127 Street, Adyar","90 Street, Indiranagar",Pune,18.7,1.0,85.42,342.62,COMPLETED,2024-12-21 23:52:51,2024-12-22 00:00:51,2024-12-22 00:41:51,
131,74,52.0,"194 Layout, MG Road","125 Cross, Viman Nagar",Ahmedabad,5.06,1.2,73.9,0.0,ONGOING,2025-09-28 18:28:11,2025-09-28 18:29:11,,
132,22,,"17 Layout, MG Road","101 Street, Viman Nagar",Ahmedabad,20.18,1.5,72.9,0.0,CANCELLED,2024-02-16 04:09:30,,,2024-02-16 04:28:30
133,63,62.0,"79 Cross, Adyar","160 Layout, Powai",Mumbai,11.09,1.2,101.04,20.0,CANCELLED,2024-12-25 19:08:50,,,2024-12-25 19:27:50
134,60,10.0,"188 Cross, MG Road","166 Street, Viman Nagar",Pune,10.61,1.2,166.13,30.0,CANCELLED,2024-11-23 17:28:49,,,2024-11-23 17:41:49
135,27,,"175 Main Rd, HSR","109 Cross, Connaught Place",Mumbai,10.56,1.2,120.65,0.0,REQUESTED,2025-09-21 05:24:01,,,
136,53,26.0,"239 Layout, MG Road","37 Cross, T Nagar",Bengaluru,4.23,1.0,157.27,0.0,ONGOING,2025-04-26 16:43:09,2025-04-26 16:46:09,,
137,61,65.0,"56 Main Rd, MG Road","60 Main Rd, Viman Nagar",Kolkata,14.29,1.5,93.97,441.85,COMPLETED,2025-05-08 22:55:26,2025-05-08 23:01:26,2025-05-08 23:45:26,
138,47,70.0,"186 Cross, Bandra","195 Street, Indiranagar",Hyderabad,16.94,1.5,96.34,385.51,COMPLETED,2024-04-21 02:04:44,2024-04-21 02:11:44,2024-04-21 03:12:44,
139,12,18.0,"157 Cross, Salt Lake","16 Cross, Connaught Place",Mumbai,16.86,1.5,88.31,343.09,COMPLETED,2025-01-29 16:23:02,2025-01-29 16:27:02,2025-01-29 17:31:02,
140,21,53.0,"105 Cross, Aundh","141 Street, Connaught Place",Mumbai,11.67,1.5,179.91,326.5,COMPLETED,2024-09-10 04:40:03,2024-09-10 04:43:03,2024-09-10 05:04:03,
141,64,61.0,"103 Street, Aundh","191 Main Rd, Gachibowli",Pune,15.19,1.2,122.31,391.98,COMPLETED,2024-07-11 05:29:16,2024-07-11 05:31:16,2024-07-11 06:39:16,
142,29,23.0,"143 Cross, Aundh","164 Layout, Viman Nagar",Delhi,6.64,1.0,65.0,168.71,COMPLETED,2025-11-25 19:10:01,2025-11-25 19:11:01,2025-11-25 19:39:01,
143,69,10.0,"244 Cross, MG Road","95 Layout, Gachibowli",Pune,5.0,1.0,81.73,0.0,ONGOING,2024-07-23 12:44:39,2024-07-23 12:51:39,,
144,77,19.0,"193 Street, MG Road","191 Main Rd, Connaught Place",Delhi,11.04,1.5,107.77,309.41,COMPLETED,2025-07-07 04:27:08,2025-07-07 04:35:08,2025-07-07 04:53:08,
145,13,42.0,"1 Street, Salt Lake","130 Cross, Gachibowli",Bengaluru,14.02,1.0,107.66,223.73,COMPLETED,2024-01-06 19:46:00,2024-01-06 19:49:00,2024-01-06 20:26:00,
146,27,9.0,"194 Street, Salt Lake","149 Cross, Connaught Place",Mumbai,12.49,1.0,86.34,235.32,COMPLETED,2025-03-28 12:22:03,2025-03-28 12:25:03,2025-03-28 13:38:03,
147,53,39.0,"243 Cross, Aundh","59 Street, Gachibowli",Bengaluru,16.96,1.5,123.48,439.59,COMPLETED,2025-11-06 03:12:59,2025-11-06 03:20:59,2025-11-06 04:41:59,
148,54,6.0,"123 Layout, Adyar","145 Layout, Gachibowli",Delhi,12.35,1.5,155.52,0.0,ONGOING,2025-06-12 21:19:37,2025-06-12 21:25:37,,
149,78,,"139 Layout, MG Road","46 Cross, Powai",Ahmedabad,17.37,1.2,127.99,0.0,REQUESTED,2025-02-24 07:53:33,,,
150,47,70.0,"239 Cross, Salt Lake","105 Cross, Gachibowli",Hyderabad,15.08,1.5,66.25,0.0,ACCEPTED,2025-04-29 05:19:59,2025-04-29 05:20:59,,
151,49,48.0,"138 Main Rd, MG Road","87 Cross, Viman Nagar",Ahmedabad,22.69,1.2,143.55,439.53,COMPLETED,2025-02-10 04:50:29,2025-02-10 04:52:29,2025-02-10 05:32:29,
152,60,61.0,"247 Main Rd, Bandra","8 Street, Gachibowli",Pune,5.68,1.5,146.99,271.91,COMPLETED,2024-04-21 07:11:43,2024-04-21 07:19:43,2024-04-21 08:01:43,
153,47,,"59 Layout, MG Road","151 Layout, Gachibowli",Hyderabad,13.38,1.0,129.31,0.0,CANCELLED,2025-07-26 20:56:50,,,2025-07-26 21:05:50
154,4,48.0,"140 Street, MG Road","8 Cross, Powai",Ahmedabad,4.54,1.2,115.56,187.33,COMPLETED,2024-11-17 02:11:50,2024-11-17 02:16:50,2024-11-17 03:18:50,
155,47,,"58 Main Rd, Adyar","164 Main Rd, Viman Nagar",Hyderabad,9.84,1.0,160.17,0.0,REQUESTED,2025-08-26 21:57:07,,,
156,76,61.0,"90 Main Rd, Aundh","128 Layout, Gachibowli",Pune,12.82,1.2,169.01,352.13,COMPLETED,2024-11-20 18:31:49,2024-11-20 18:35:49,2024-11-20 19:10:49,
157,39,,"228 Layout, HSR","13 Main Rd, Connaught Place",Mumbai,10.64,1.2,97.07,0.0,CANCELLED,2024-02-06 12:42:01,,,2024-02-06 12:44:01
158,5,26.0,"36 Cross, Bandra","51 Main Rd, T Nagar",Bengaluru,7.9,1.5,68.11,50.0,CANCELLED,2025-12-25 06:51:59,,,2025-12-25 06:59:59
159,49,,"227 Street, HSR","124 Cross, Powai",Ahmedabad,15.56,1.2,94.55,0.0,REQUESTED,2024-11-28 02:38:53,,,
160,69,10.0,"7 Street, Salt Lake","50 Main Rd, T Nagar",Pune,6.89,1.5,178.95,277.16,COMPLETED,2025-08-18 07:35:10,2025-08-18 07:40:10,2025-08-18 08:28:10,
161,43,20.0,"234 Street, MG Road","15 Cross, Viman Nagar",Kolkata,7.01,1.0,74.34,150.52,COMPLETED,2025-07-29 03:22:12,2025-07-29 03:26:12,2025-07-29 04:35:12,
162,8,11.0,"194 Layout, Adyar","239 Cross, Viman Nagar",Chennai,18.76,1.0,72.21,307.96,COMPLETED,2024-04-13 06:42:05,2024-04-13 06:46:05,2024-04-13 07:52:05,
163,55,63.0,"226 Main Rd, HSR","16 Main Rd, Connaught Place",Delhi,3.39,1.2,179.07,0.0,ACCEPTED,2025-01-18 09:48:48,2025-01-18 09:55:48,,
164,30,19.0,"35 Cross, Bandra","179 Layout, Indiranagar",Delhi,19.67,1.2,137.03,381.06,COMPLETED,2025-09-03 02:26:32,2025-09-03 02:29:32,2025-09-03 03:33:32,
165,7,18.0,"19 Street, Bandra","214 Layout, Indiranagar",Mumbai,12.09,1.2,120.32,341.75,COMPLETED,2025-03-10 07:23:01,2025-03-10 07:29:01,2025-03-10 07:54:01,
166,8,,"159 Cross, MG Road","10 Main Rd, Indiranagar",Chennai,8.78,1.2,156.08,0.0,REQUESTED,2025-12-24 04:34:39,,,
167,21,66.0,"158 Main Rd, HSR","79 Layout, Powai",Mumbai,4.2,1.5,79.85,168.51,COMPLETED,2024-10-22 09:02:34,2024-10-22 09:05:34,2024-10-22 10:04:34,
168,10,39.0,"33 Street, HSR","36 Street, Gachibowli",Bengaluru,22.34,1.5,86.66,532.68,COMPLETED,2025-07-08 06:52:25,2025-07-08 06:53:25,2025-07-08 07:47:25,
169,32,10.0,"31 Layout, HSR","210 Layout, Powai",Pune,6.43,1.2,102.58,215.58,COMPLETED,2024-07-07 21:16:29,2024-07-07 21:21:29,2024-07-07 22:38:29,
170,56,20.0,"180 Layout, Salt Lake","188 Cross, Indiranagar",Kolkata,23.95,1.5,108.23,713.28,COMPLETED,2024-08-16 02:17:38,2024-08-16 02:20:38,2024-08-16 03:16:38,
171,4,4.0,"182 Street, Aundh","11 Layout, Viman Nagar",Ahmedabad,19.6,1.2,133.38,346.79,COMPLETED,2024-06-17 15:46:09,2024-06-17 15:50:09,2024-06-17 16:46:09,
172,20,62.0,"210 Main Rd, HSR","127 Street, Connaught Place",Mumbai,10.43,1.0,105.21,198.82,COMPLETED,2025-12-08 13:57:34,2025-12-08 13:58:34,2025-12-08 14:46:34,
173,15,49.0,"59 Street, Aundh","162 Street, Gachibowli",Kolkata,2.21,1.0,75.45,100.37,COMPLETED,2024-04-15 21:31:23,2024-04-15 21:38:23,2024-04-15 22:00:23,
174,65,63.0,"192 Main Rd, HSR","108 Layout, Indiranagar",Delhi,7.79,1.5,84.74,194.88,COMPLETED,2024-06-08 21:27:13,2024-06-08 21:30:13,2024-06-08 22:15:13,
175,46,48.0,"160 Street, Bandra","79 Cross, Connaught Place",Ahmedabad,6.35,1.0,144.3,247.01,COMPLETED,2024-01-07 01:12:35,2024-01-07 01:13:35,2024-01-07 02:30:35,
176,14,2.0,"119 Cross, Bandra","125 Main Rd, Connaught Place",Bengaluru,23.45,1.2,129.03,75.0,CANCELLED,2025-03-15 02:20:39,,,2025-03-15 02:37:39
177,47,64.0,"220 Cross, Aundh","186 Cross, T Nagar",Hyderabad,15.77,1.0,91.16,0.0,ACCEPTED,2024-07-26 05:40:19,2024-07-26 05:44:19,,
178,14,,"173 Street, Adyar","95 Main Rd, Gachibowli",Bengaluru,15.19,1.5,110.23,0.0,CANCELLED,2024-01-05 02:56:36,,,2024-01-05 03:02:36
179,8,51.0,"187 Cross, HSR","63 Cross, Viman Nagar",Chennai,5.96,1.5,158.06,273.88,COMPLETED,2024-11-09 12:36:54,2024-11-09 12:37:54,2024-11-09 13:06:54,
180,25,51.0,"96 Main Rd, Salt Lake","52 Layout, Gachibowli",Chennai,18.41,1.0,172.53,0.0,ACCEPTED,2024-10-03 23:17:25,2024-10-03 23:20:25,,
181,24,54.0,"74 Cross, Aundh","125 Main Rd, Powai",Pune,14.95,1.5,99.11,0.0,ACCEPTED,2024-11-24 17:23:12,2024-11-24 17:29:12,,
182,24,8.0,"80 Layout, Adyar","8 Main Rd, Gachibowli",Pune,23.61,1.2,154.96,471.59,COMPLETED,2024-07-07 09:11:25,2024-07-07 09:13:25,2024-07-07 10:08:25,
183,37,66.0,"19 Street, Salt Lake","69 Street, Gachibowli",Mumbai,23.5,1.0,174.7,30.0,CANCELLED,2025-06-21 16:16:54,,,2025-06-21 16:29:54
184,75,24.0,"179 Street, Salt Lake","236 Cross, Indiranagar",Chennai,2.15,1.5,78.48,0.0,ONGOING,2025-07-17 06:10:50,2025-07-17 06:14:50,,
185,19,10.0,"240 Cross, HSR","238 Main Rd, Gachibowli",Pune,7.96,1.0,126.56,194.25,COMPLETED,2024-10-25 07:23:44,2024-10-25 07:30:44,2024-10-25 08:14:44,
186,42,6.0,"140 Cross, Adyar","219 Street, Powai",Delhi,19.36,1.0,64.84,312.17,COMPLETED,2024-08-28 18:22:47,2024-08-28 18:26:47,2024-08-28 19:34:47,
187,74,30.0,"3 Main Rd, MG Road","128 Layout, Indiranagar",Ahmedabad,16.5,1.2,64.91,232.49,COMPLETED,2025-08-14 00:30:03,2025-08-14 00:38:03,2025-08-14 01:20:03,
188,7,,"64 Main Rd, Aundh","196 Layout, Connaught Place",Mumbai,16.16,1.0,133.24,0.0,CANCELLED,2024-02-25 05:34:30,,,2024-02-25 05:49:30
189,16,14.0,"135 Main Rd, Salt Lake","59 Main Rd, Gachibowli",Kolkata,3.05,1.5,163.25,221.2,COMPLETED,2024-01-13 18:01:08,2024-01-13 18:05:08,2024-01-13 19:08:08,
190,36,54.0,"178 Street, Salt Lake","100 Main Rd, Connaught Place",Pune,1.85,1.0,159.2,174.82,COMPLETED,2024-06-09 06:10:50,2024-06-09 06:16:50,2024-06-09 06:53:50,
191,61,,"172 Main Rd, Aundh","131 Main Rd, T Nagar",Kolkata,17.11,1.2,73.35,0.0,REQUESTED,2025-08-08 11:43:53,,,
192,78,,"159 Main Rd, Adyar","22 Main Rd, Gachibowli",Ahmedabad,9.88,1.2,164.1,0.0,REQUESTED,2024-04-13 05:55:44,,,
193,13,34.0,"225 Layout, Adyar","52 Layout, Indiranagar",Bengaluru,9.15,1.0,171.69,30.0,CANCELLED,2024-01-18 04:07:29,,,2024-01-18 04:12:29
194,61,49.0,"171 Layout, Aundh","19 Cross, Gachibowli",Kolkata,1.62,1.2,66.58,98.43,COMPLETED,2025-11-17 05:18:37,2025-11-17 05:22:37,2025-11-17 06:12:37,
195,22,4.0,"213 Layout, Salt Lake","204 Street, Gachibowli",Ahmedabad,16.41,1.5,178.57,474.51,COMPLETED,2024-03-21 02:50:11,2024-03-21 02:54:11,2024-03-21 03:47:11,
196,56,65.0,"158 Street, Bandra","215 Layout, Powai",Kolkata,7.61,1.5,76.98,254.19,COMPLETED,2025-08-01 07:55:28,2025-08-01 08:00:28,2025-08-01 08:52:28,
197,41,,"18 Cross, Salt Lake","200 Layout, Indiranagar",Chennai,11.59,1.0,67.85,0.0,REQUESTED,2025-06-03 11:54:12,,,
198,35,24.0,"98 Layout, Bandra","171 Main Rd, Gachibowli",Chennai,22.45,1.2,156.36,605.2,COMPLETED,2024-10-10 18:34:37,2024-10-10 18:38:37,2024-10-10 18:58:37,
199,78,30.0,"112 Layout, Bandra","195 Layout, T Nagar",Ahmedabad,23.78,1.0,121.17,0.0,ACCEPTED,2025-04-25 20:28:32,2025-04-25 20:35:32,,
200,71,3.0,"42 Cross, Bandra","23 Main Rd, Powai",Delhi,12.85,1.5,74.64,0.0,ACCEPTED,2024-10-30 13:36:27,2024-10-30 13:37:27,,
201,66,11.0,"10 Street, Bandra","71 Street, Viman Nagar",Chennai,22.34,1.5,156.7,681.37,COMPLETED,2025-08-21 22:11:54,2025-08-21 22:14:54,2025-08-21 23:37:54,
202,18,42.0,"177 Street, Aundh","177 Street, Indiranagar",Bengaluru,8.75,1.2,142.43,292.05,COMPLETED,2025-06-03 08:31:24,2025-06-03 08:38:24,2025-06-03 09:04:24,
203,30,19.0,"152 Cross, Salt Lake","118 Layout, Powai",Delhi,10.24,1.0,177.4,322.24,COMPLETED,2024-07-29 01:52:32,2024-07-29 02:00:32,2024-07-29 02:29:32,
204,50,64.0,"41 Street, HSR","249 Main Rd, Gachibowli",Hyderabad,2.27,1.0,127.19,165.42,COMPLETED,2025-09-05 15:50:31,2025-09-05 15:55:31,2025-09-05 16:35:31,
205,26,33.0,"242 Main Rd, Adyar","10 Street, Viman Nagar",Hyderabad,3.6,1.5,166.13,0.0,ACCEPTED,2025-01-17 18:28:43,2025-01-17 18:36:43,,
206,60,10.0,"71 Main Rd, Salt Lake","163 Street, Connaught Place",Pune,8.39,1.0,173.3,261.63,COMPLETED,2025-09-14 09:47:47,2025-09-14 09:54:47,2025-09-14 10:56:47,
207,11,34.0,"154 Street, MG Road","35 Cross, Powai",Bengaluru,10.78,1.2,92.67,0.0,ONGOING,2025-08-28 08:22:55,2025-08-28 08:23:55,,
208,62,20.0,"127 Main Rd, Adyar","239 Layout, Viman Nagar",Kolkata,21.19,1.0,168.13,0.0,ONGOING,2024-03-23 14:29:00,2024-03-23 14:30:00,,
209,70,,"147 Street, MG Road","187 Main Rd, T Nagar",Mumbai,13.22,1.0,114.97,0.0,REQUESTED,2024-01-30 16:02:03,,,
210,32,8.0,"94 Layout, Aundh","18 Cross, Powai",Pune,8.0,1.5,106.07,236.99,COMPLETED,2024-06-10 04:34:03,2024-06-10 04:38:03,2024-06-10 05:08:03,
211,4,52.0,"121 Street, MG Road","249 Cross, Viman Nagar",Ahmedabad,11.46,1.2,164.81,0.0,ACCEPTED,2024-07-12 19:35:32,2024-07-12 19:38:32,,
212,44,,"18 Layout, HSR","68 Layout, Connaught Place",Kolkata,21.47,1.2,105.14,0.0,CANCELLED,2024-04-12 02:08:52,,,2024-04-12 02:16:52
213,42,63.0,"211 Layout, Bandra","31 Layout, Powai",Delhi,3.13,1.2,70.25,106.55,COMPLETED,2024-11-08 23:13:03,2024-11-08 23:16:03,2024-11-09 00:10:03,
214,64,46.0,"38 Cross, Salt Lake","241 Street, Gachibowli",Pune,17.43,1.5,135.91,499.76,COMPLETED,2025-10-06 05:00:22,2025-10-06 05:02:22,2025-10-06 05:28:22,
215,39,58.0,"130 Street, Salt Lake","242 Main Rd, Viman Nagar",Mumbai,17.01,1.5,93.82,371.6,COMPLETED,2024-06-26 12:31:33,2024-06-26 12:39:33,2024-06-26 13:48:33,
216,63,13.0,"74 Main Rd, Adyar","155 Street, Viman Nagar",Mumbai,21.95,1.5,145.63,520.55,COMPLETED,2025-03-13 09:46:35,2025-03-13 09:51:35,2025-03-13 10:10:35,
217,72,48.0,"7 Layout, Salt Lake","75 Layout, Indiranagar",Ahmedabad,13.7,1.0,159.51,364.51,COMPLETED,2025-11-09 03:12:04,2025-11-09 03:18:04,2025-11-09 04:01:04,
218,2,68.0,"148 Layout, Aundh","94 Main Rd, Connaught Place",Ahmedabad,15.95,1.0,123.38,308.73,COMPLETED,2025-04-14 12:58:01,2025-04-14 12:59:01,2025-04-14 13:53:01,
219,63,66.0,"34 Layout, Aundh","81 Main Rd, Viman Nagar",Mumbai,17.58,1.0,87.3,354.43,COMPLETED,2024-03-05 07:23:27,2024-03-05 07:26:27,2024-03-05 07:54:27,
220,47,33.0,"247 Layout, Bandra","215 Main Rd, Viman Nagar",Hyderabad,4.76,1.0,70.15,0.0,ONGOING,2024-01-09 19:10:39,2024-01-09 19:18:39,,
221,63,,"188 Cross, Adyar","48 Main Rd, Indiranagar",Mumbai,18.95,1.5,148.52,0.0,CANCELLED,2024-04-18 22:57:15,,,2024-04-18 23:05:15
222,50,64.0,"82 Main Rd, Adyar","141 Layout, Viman Nagar",Hyderabad,12.17,1.5,149.62,378.15,COMPLETED,2025-11-09 04:42:35,2025-11-09 04:43:35,2025-11-09 05:48:35,
223,35,44.0,"136 Main Rd, Bandra","98 Street, T Nagar",Chennai,11.02,1.5,98.71,0.0,ONGOING,2024-08-01 10:22:50,2024-08-01 10:29:50,,
224,1,28.0,"163 Street, MG Road","186 Layout, Viman Nagar",Delhi,23.16,1.2,136.97,521.76,COMPLETED,2025-03-18 04:08:42,2025-03-18 04:14:42,2025-03-18 05:02:42,
225,24,61.0,"203 Main Rd, Salt Lake","132 Main Rd, Connaught Place",Pune,18.8,1.5,121.21,441.77,COMPLETED,2025-10-20 04:41:55,2025-10-20 04:48:55,2025-10-20 05:35:55,
226,69,10.0,"155 Main Rd, Bandra","214 Cross, Connaught Place",Pune,23.36,1.2,86.74,20.0,CANCELLED,2025-06-30 14:30:14,,,2025-06-30 14:31:14
227,69,61.0,"57 Street, Bandra","21 Layout, Gachibowli",Pune,13.94,1.5,167.17,0.0,ACCEPTED,2025-08-13 08:46:37,2025-08-13 08:53:37,,
228,14,32.0,"98 Main Rd, HSR","177 Main Rd, Indiranagar",Bengaluru,5.27,1.0,146.22,191.2,COMPLETED,2025-06-25 19:13:14,2025-06-25 19:21:14,2025-06-25 20:26:14,
229,17,52.0,"143 Main Rd, Salt Lake","186 Street, T Nagar",Ahmedabad,18.59,1.2,126.22,489.25,COMPLETED,2025-04-29 05:57:29,2025-04-29 05:58:29,2025-04-29 06:50:29,
230,72,57.0,"133 Street, Salt Lake","104 Main Rd, T Nagar",Ahmedabad,9.02,1.5,137.36,366.63,COMPLETED,2025-12-31 08:46:12,2025-12-31 08:49:12,2025-12-31 09:18:12,
231,30,6.0,"139 Street, Aundh","160 Cross, Indiranagar",Delhi,5.09,1.5,134.87,206.57,COMPLETED,2025-07-23 23:03:24,2025-07-23 23:11:24,2025-07-23 23:36:24,
232,14,55.0,"230 Cross, HSR","90 Cross, Connaught Place",Bengaluru,7.34,1.2,162.57,305.95,COMPLETED,2024-08-25 01:51:00,2024-08-25 01:53:00,2024-08-25 02:40:00,
233,19,54.0,"229 Main Rd, HSR","223 Layout, Indiranagar",Pune,6.67,1.5,143.69,239.4,COMPLETED,2024-03-13 10:07:16,2024-03-13 10:12:16,2024-03-13 11:06:16,
234,65,63.0,"82 Layout, MG Road","213 Street, T Nagar",Delhi,15.91,1.0,71.04,306.51,COMPLETED,2025-11-24 15:10:06,2025-11-24 15:14:06,2025-11-24 15:53:06,
235,73,43.0,"162 Cross, HSR","178 Cross, Gachibowli",Hyderabad,21.98,1.5,157.54,0.0,ACCEPTED,2025-12-12 12:21:16,2025-12-12 12:23:16,,
236,6,13.0,"2 Main Rd, Bandra","108 Layout, T Nagar",Mumbai,9.42,1.5,104.18,0.0,ACCEPTED,2024-11-16 02:24:53,2024-11-16 02:29:53,,
237,54,28.0,"30 Layout, MG Road","179 Street, Powai",Delhi,14.57,1.0,140.49,379.15,COMPLETED,2024-10-14 20:34:55,2024-10-14 20:37:55,2024-10-14 21:17:55,
238,12,18.0,"227 Layout, Bandra","4 Layout, Indiranagar",Mumbai,22.86,1.2,144.7,0.0,ACCEPTED,2024-02-15 22:02:48,2024-02-15 22:10:48,,
239,24,10.0,"184 Cross, Adyar","171 Layout, T Nagar",Pune,18.01,1.2,173.72,0.0,ONGOING,2025-04-12 11:22:45,2025-04-12 11:24:45,,
240,19,8.0,"96 Cross, MG Road","142 Main Rd, Powai",Pune,3.26,1.0,72.54,117.06,COMPLETED,2024-03-04 06:05:06,2024-03-04 06:08:06,2024-03-04 07:02:06,
241,31,64.0,"32 Street, MG Road","187 Street, Indiranagar",Hyderabad,21.08,1.2,76.88,474.1,COMPLETED,2025-06-17 22:23:29,2025-06-17 22:27:29,2025-06-17 23:42:29,
242,10,,"149 Street, Adyar","41 Cross, Connaught Place",Bengaluru,14.03,1.5,107.97,0.0,REQUESTED,2024-03-28 13:53:49,,,
243,75,44.0,"80 Layout, MG Road","53 Cross, Gachibowli",Chennai,22.1,1.0,95.13,459.26,COMPLETED,2025-06-19 22:37:35,2025-06-19 22:39:35,2025-06-19 23:02:35,
244,52,34.0,"163 Cross, Adyar","28 Street, Indiranagar",Bengaluru,9.82,1.0,88.3,0.0,ONGOING,2024-10-20 00:19:29,2024-10-20 00:24:29,,
245,65,,"115 Street, Adyar","173 Cross, T Nagar",Delhi,17.13,1.0,166.23,0.0,REQUESTED,2024-10-25 08:22:10,,,
246,41,,"76 Street, HSR","206 Layout, Gachibowli",Chennai,1.57,1.5,140.66,0.0,CANCELLED,2024-10-21 19:18:43,,,2024-10-21 19:30:43
247,47,,"148 Main Rd, Salt Lake","134 Cross, Connaught Place",Hyderabad,17.55,1.2,129.38,0.0,CANCELLED,2024-07-04 01:43:20,,,2024-07-04 01:57:20
248,31,70.0,"207 Main Rd, HSR","124 Cross, Indiranagar",Hyderabad,7.04,1.0,166.9,247.01,COMPLETED,2024-06-14 21:32:17,2024-06-14 21:35:17,2024-06-14 22:02:17,
249,12,53.0,"86 Layout, HSR","191 Cross, Indiranagar",Mumbai,18.13,1.2,74.75,393.37,COMPLETED,2025-01-03 07:54:38,2025-01-03 07:57:38,2025-01-03 08:18:38,
250,20,,"195 Layout, Aundh","4 Main Rd, Gachibowli",Mumbai,4.52,1.5,136.67,0.0,CANCELLED,2025-07-12 01:45:22,,,2025-07-12 02:05:22
251,51,9.0,"4 Cross, HSR","96 Main Rd, Indiranagar",Mumbai,18.47,1.0,104.95,0.0,ONGOING,2024-07-16 20:58:26,2024-07-16 21:04:26,,
252,7,,"226 Layout, Adyar","35 Street, Viman Nagar",Mumbai,3.96,1.5,107.41,0.0,CANCELLED,2024-10-09 02:43:16,,,2024-10-09 03:02:16
253,54,56.0,"47 Street, HSR","141 Main Rd, Viman Nagar",Delhi,21.47,1.2,165.47,0.0,ACCEPTED,2025-01-04 08:49:06,2025-01-04 08:55:06,,
254,19,54.0,"224 Cross, Adyar","215 Main Rd, Powai",Pune,14.44,1.2,101.48,293.99,COMPLETED,2024-12-22 11:32:39,2024-12-22 11:36:39,2024-12-22 12:37:39,
255,52,16.0,"229 Cross, Salt Lake","247 Cross, Connaught Place",Bengaluru,10.12,1.5,175.21,0.0,ONGOING,2024-10-22 12:05:08,2024-10-22 12:13:08,,
256,67,4.0,"104 Cross, Adyar","51 Cross, Powai",Ahmedabad,21.16,1.2,64.62,437.37,COMPLETED,2024-02-06 03:53:38,2024-02-06 03:55:38,2024-02-06 04:13:38,
257,31,17.0,"166 Street, Adyar","146 Cross, Indiranagar",Hyderabad,6.54,1.0,168.52,279.67,COMPLETED,2024-11-28 10:07:58,2024-11-28 10:12:58,2024-11-28 11:30:58,
258,21,58.0,"117 Cross, Salt Lake","61 Layout, Powai",Mumbai,15.13,1.2,179.93,391.92,COMPLETED,2025-05-06 05:15:13,2025-05-06 05:23:13,2025-05-06 05:55:13,
259,56,14.0,"144 Cross, Aundh","197 Cross, Viman Nagar",Kolkata,9.0,1.0,165.12,313.01,COMPLETED,2024-06-27 11:16:34,2024-06-27 11:17:34,2024-06-27 12:22:34,
260,39,,"216 Layout, HSR","207 Cross, Powai",Mumbai,14.51,1.2,175.1,0.0,REQUESTED,2025-04-26 15:17:16,,,
261,50,33.0,"86 Main Rd, Salt Lake","139 Layout, Viman Nagar",Hyderabad,16.22,1.2,176.64,449.75,COMPLETED,2025-05-06 13:20:44,2025-05-06 13:25:44,2025-05-06 14:20:44,
262,4,,"241 Main Rd, Bandra","208 Street, Powai",Ahmedabad,7.74,1.0,138.02,0.0,CANCELLED,2025-01-04 16:32:53,,,2025-01-04 16:39:53
263,45,,"70 Street, HSR","136 Layout, Powai",Mumbai,12.07,1.0,176.76,0.0,CANCELLED,2025-06-13 22:24:29,,,2025-06-13 22:25:29
264,75,51.0,"98 Main Rd, Aundh","184 Main Rd, Viman Nagar",Chennai,18.02,1.0,123.45,0.0,ACCEPTED,2024-11-29 17:48:02,2024-11-29 17:56:02,,
265,57,16.0,"172 Cross, HSR","15 Street, Connaught Place",Bengaluru,20.2,1.5,143.96,391.03,COMPLETED,2024-07-10 23:52:54,2024-07-10 23:58:54,2024-07-11 01:10:54,
266,52,55.0,"226 Layout, Bandra","126 Main Rd, Viman Nagar",Bengaluru,23.13,1.2,100.27,50.0,CANCELLED,2025-01-28 01:30:39,,,2025-01-28 01:48:39
267,69,61.0,"76 Cross, HSR","215 Street, Gachibowli",Pune,1.95,1.5,83.74,124.24,COMPLETED,2024-12-13 18:19:56,2024-12-13 18:25:56,2024-12-13 19:30:56,
268,25,11.0,"183 Main Rd, Adyar","231 Main Rd, Viman Nagar",Chennai,10.99,1.0,144.67,336.61,COMPLETED,2025-12-18 10:21:41,2025-12-18 10:27:41,2025-12-18 11:15:41,
269,18,41.0,"10 Cross, MG Road","114 Main Rd, Powai",Bengaluru,18.48,1.5,138.72,380.86,COMPLETED,2025-10-18 11:41:28,2025-10-18 11:43:28,2025-10-18 12:25:28,
270,9,68.0,"97 Cross, Adyar","30 Main Rd, T Nagar",Ahmedabad,2.97,1.0,153.06,179.84,COMPLETED,2025-06-15 23:40:44,2025-06-15 23:45:44,2025-06-16 00:55:44,
271,11,,"116 Main Rd, MG Road","115 Main Rd, Viman Nagar",Bengaluru,19.12,1.0,96.7,0.0,REQUESTED,2024-02-28 14:40:38,,,
272,60,54.0,"213 Main Rd, HSR","114 Main Rd, Gachibowli",Pune,21.83,1.0,92.47,431.36,COMPLETED,2025-03-03 17:00:29,2025-03-03 17:04:29,2025-03-03 17:58:29,
273,16,14.0,"25 Street, HSR","231 Street, Connaught Place",Kolkata,1.6,1.0,64.75,82.69,COMPLETED,2024-01-09 05:37:09,2024-01-09 05:44:09,2024-01-09 06:48:09,
274,49,48.0,"26 Cross, HSR","218 Street, Indiranagar",Ahmedabad,12.78,1.5,136.61,291.58,COMPLETED,2024-03-30 08:36:02,2024-03-30 08:40:02,2024-03-30 09:32:02,
275,32,61.0,"177 Cross, Salt Lake","21 Layout, Connaught Place",Pune,10.8,1.5,100.23,371.34,COMPLETED,2024-12-09 19:08:29,2024-12-09 19:13:29,2024-12-09 20:05:29,
276,34,13.0,"198 Cross, Adyar","73 Layout, Viman Nagar",Mumbai,9.86,1.5,126.96,289.51,COMPLETED,2024-03-04 14:31:39,2024-03-04 14:32:39,2024-03-04 14:55:39,
277,76,46.0,"102 Main Rd, Bandra","10 Cross, Indiranagar",Pune,17.35,1.5,165.12,429.18,COMPLETED,2024-05-09 06:49:32,2024-05-09 06:56:32,2024-05-09 08:03:32,
278,48,4.0,"72 Main Rd, HSR","28 Cross, Viman Nagar",Ahmedabad,8.99,1.2,150.24,0.0,ONGOING,2025-07-10 23:30:25,2025-07-10 23:31:25,,
279,11,,"198 Main Rd, Salt Lake","97 Main Rd, T Nagar",Bengaluru,21.0,1.2,86.28,0.0,CANCELLED,2024-11-28 03:44:04,,,2024-11-28 03:59:04
280,36,46.0,"234 Layout, HSR","43 Cross, Viman Nagar",Pune,12.54,1.2,126.79,50.0,CANCELLED,2025-08-03 20:44:15,,,2025-08-03 20:55:15
281,73,43.0,"88 Street, Adyar","126 Layout, Indiranagar",Hyderabad,20.69,1.0,176.81,378.87,COMPLETED,2024-11-14 01:08:35,2024-11-14 01:12:35,2024-11-14 02:12:35,
282,76,46.0,"75 Layout, Salt Lake","37 Layout, T Nagar",Pune,5.68,1.5,132.92,260.69,COMPLETED,2024-03-18 05:32:25,2024-03-18 05:33:25,2024-03-18 06:35:25,
283,73,17.0,"165 Layout, Aundh","159 Cross, Powai",Hyderabad,6.11,1.5,80.63,0.0,ACCEPTED,2024-12-17 18:42:45,2024-12-17 18:48:45,,
284,68,54.0,"153 Layout, MG Road","241 Layout, Powai",Pune,14.93,1.0,151.66,361.8,COMPLETED,2025-11-23 23:22:29,2025-11-23 23:29:29,2025-11-24 00:00:29,
285,8,44.0,"13 Layout, Adyar","243 Main Rd, T Nagar",Chennai,5.25,1.5,65.13,75.0,CANCELLED,2025-01-01 18:59:18,,,2025-01-01 19:04:18
286,41,51.0,"162 Layout, Bandra","231 Layout, Powai",Chennai,15.37,1.2,96.46,0.0,ONGOING,2025-08-08 16:30:19,2025-08-08 16:34:19,,
287,1,3.0,"95 Main Rd, HSR","137 Main Rd, T Nagar",Delhi,19.01,1.5,157.68,607.13,COMPLETED,2024-03-02 10:48:12,2024-03-02 10:54:12,2024-03-02 12:02:12,
288,35,21.0,"211 Cross, Aundh","57 Street, Gachibowli",Chennai,17.92,1.2,131.08,0.0,ACCEPTED,2024-10-14 06:25:56,2024-10-14 06:28:56,,
289,76,54.0,"167 Street, MG Road","216 Layout, Powai",Pune,19.06,1.2,82.63,50.0,CANCELLED,2024-08-08 19:44:04,,,2024-08-08 20:03:04
290,39,66.0,"182 Main Rd, Bandra","176 Cross, Indiranagar",Mumbai,16.77,1.5,116.55,75.0,CANCELLED,2024-01-14 23:24:54,,,2024-01-14 23:42:54
291,9,30.0,"236 Main Rd, Salt Lake","212 Main Rd, Gachibowli",Ahmedabad,18.62,1.5,131.39,391.79,COMPLETED,2024-07-20 14:17:28,2024-07-20 14:25:28,2024-07-20 15:00:28,
292,54,56.0,"216 Main Rd, Bandra","232 Street, T Nagar",Delhi,3.27,1.2,114.56,162.06,COMPLETED,2024-02-08 15:18:00,2024-02-08 15:25:00,2024-02-08 16:28:00,
293,39,18.0,"70 Street, Bandra","209 Street, Powai",Mumbai,14.42,1.5,67.58,416.1,COMPLETED,2025-12-09 10:17:22,2025-12-09 10:19:22,2025-12-09 10:42:22,
294,4,30.0,"127 Street, Salt Lake","150 Layout, Viman Nagar",Ahmedabad,1.62,1.0,88.49,0.0,ONGOING,2024-11-29 21:07:12,2024-11-29 21:14:12,,
295,58,35.0,"30 Street, Aundh","212 Street, T Nagar",Mumbai,15.89,1.0,80.27,221.06,COMPLETED,2024-03-14 04:18:02,2024-03-14 04:20:02,2024-03-14 05:36:02,
296,31,40.0,"126 Layout, Aundh","81 Cross, Connaught Place",Hyderabad,13.64,1.2,100.64,369.77,COMPLETED,2024-11-22 19:43:19,2024-11-22 19:44:19,2024-11-22 21:05:19,
297,16,15.0,"60 Layout, MG Road","136 Layout, T Nagar",Kolkata,7.07,1.2,137.36,0.0,ACCEPTED,2024-03-15 00:51:53,2024-03-15 00:53:53,,
298,30,6.0,"87 Cross, Bandra","84 Main Rd, Connaught Place",Delhi,10.17,1.5,76.64,296.37,COMPLETED,2025-02-01 00:59:07,2025-02-01 01:07:07,2025-02-01 02:24:07,
299,48,68.0,"31 Cross, Adyar","191 Main Rd, Powai",Ahmedabad,12.34,1.0,123.91,286.59,COMPLETED,2024-11-09 00:53:12,2024-11-09 00:54:12,2024-11-09 01:27:12,
300,7,66.0,"247 Street, Bandra","27 Street, T Nagar",Mumbai,5.53,1.0,66.66,163.84,COMPLETED,2024-06-25 22:54:03,2024-06-25 23:00:03,2024-06-25 23:41:03,
301,19,54.0,"167 Cross, Adyar","207 Street, Viman Nagar",Pune,17.51,1.5,68.02,525.7,COMPLETED,2025-08-11 11:53:33,2025-08-11 11:56:33,2025-08-11 12:29:33,
302,80,64.0,"43 Cross, Adyar","17 Street, Indiranagar",Hyderabad,12.67,1.5,102.35,0.0,ONGOING,2024-07-03 10:08:14,2024-07-03 10:14:14,,
303,58,,"190 Layout, Aundh","125 Street, Gachibowli",Mumbai,7.82,1.2,113.27,0.0,REQUESTED,2024-03-29 06:35:20,,,
304,39,58.0,"97 Street, Bandra","244 Street, Viman Nagar",Mumbai,3.78,1.0,78.66,0.0,ONGOING,2024-07-03 06:42:21,2024-07-03 06:50:21,,
305,63,66.0,"7 Layout, Salt Lake","194 Main Rd, Indiranagar",Mumbai,13.61,1.5,137.82,0.0,ACCEPTED,2024-12-26 05:50:39,2024-12-26 05:57:39,,
306,53,38.0,"179 Main Rd, Aundh","163 Cross, Gachibowli",Bengaluru,3.69,1.2,66.1,123.67,COMPLETED,2024-05-07 08:14:22,2024-05-07 08:22:22,2024-05-07 09:25:22,
307,76,10.0,"183 Cross, Bandra","87 Main Rd, Gachibowli",Pune,21.34,1.2,98.14,368.1,COMPLETED,2025-06-20 10:03:21,2025-06-20 10:05:21,2025-06-20 10:34:21,
308,15,31.0,"58 Layout, Salt Lake","6 Street, Gachibowli",Kolkata,23.84,1.2,166.35,20.0,CANCELLED,2025-06-30 23:22:53,,,2025-06-30 23:37:53
309,9,57.0,"46 Main Rd, Salt Lake","64 Street, Indiranagar",Ahmedabad,6.92,1.5,166.84,288.02,COMPLETED,2024-01-09 15:12:58,2024-01-09 15:18:58,2024-01-09 16:18:58,
310,76,59.0,"49 Cross, Salt Lake","158 Street, Indiranagar",Pune,20.89,1.2,97.88,419.13,COMPLETED,2025-04-16 14:46:43,2025-04-16 14:53:43,2025-04-16 16:08:43,
311,32,8.0,"48 Street, Bandra","95 Cross, Viman Nagar",Pune,10.74,1.2,137.05,269.79,COMPLETED,2024-01-13 15:02:05,2024-01-13 15:09:05,2024-01-13 15:53:05,
312,14,34.0,"138 Layout, HSR","229 Main Rd, Indiranagar",Bengaluru,17.52,1.0,136.15,344.11,COMPLETED,2024-03-27 10:26:33,2024-03-27 10:31:33,2024-03-27 11:17:33,
313,58,18.0,"58 Cross, HSR","132 Street, Connaught Place",Mumbai,23.99,1.2,150.62,397.93,COMPLETED,2025-11-01 05:05:37,2025-11-01 05:13:37,2025-11-01 06:16:37,
314,37,35.0,"45 Layout, MG Road","74 Layout, T Nagar",Mumbai,21.45,1.5,90.41,512.91,COMPLETED,2025-08-11 02:01:14,2025-08-11 02:04:14,2025-08-11 03:09:14,
315,57,7.0,"18 Street, HSR","245 Cross, Connaught Place",Bengaluru,5.45,1.5,96.36,235.97,COMPLETED,2024-06-05 04:35:57,2024-06-05 04:41:57,2024-06-05 06:02:57,
316,2,68.0,"46 Layout, Adyar","92 Layout, Powai",Ahmedabad,5.89,1.0,86.58,183.38,COMPLETED,2025-12-09 04:00:21,2025-12-09 04:07:21,2025-12-09 04:38:21,
317,5,69.0,"70 Cross, HSR","164 Street, Powai",Bengaluru,7.64,1.2,105.25,207.43,COMPLETED,2024-10-24 14:41:56,2024-10-24 14:43:56,2024-10-24 15:35:56,
318,79,56.0,"197 Layout, Aundh","244 Cross, Powai",Delhi,2.02,1.0,152.7,170.04,COMPLETED,2024-07-25 09:14:58,2024-07-25 09:19:58,2024-07-25 10:11:58,
319,31,43.0,"229 Layout, Adyar","171 Layout, Gachibowli",Hyderabad,8.05,1.5,154.04,359.73,COMPLETED,2024-07-06 20:07:01,2024-07-06 20:13:01,2024-07-06 20:59:01,
320,22,68.0,"212 Cross, Salt Lake","42 Main Rd, Connaught Place",Ahmedabad,8.43,1.2,140.59,0.0,ACCEPTED,2025-02-14 20:14:12,2025-02-14 20:22:12,,
321,16,65.0,"165 Main Rd, HSR","77 Layout, Connaught Place",Kolkata,19.84,1.2,144.26,20.0,CANCELLED,2025-09-02 01:24:18,,,2025-09-02 01:42:18
322,53,38.0,"161 Street, Adyar","194 Main Rd, Indiranagar",Bengaluru,19.2,1.2,169.08,486.37,COMPLETED,2024-11-15 23:44:56,2024-11-15 23:45:56,2024-11-16 00:28:56,
323,41,51.0,"127 Cross, Aundh","17 Main Rd, Powai",Chennai,17.68,1.0,178.06,327.73,COMPLETED,2024-01-16 05:36:04,2024-01-16 05:43:04,2024-01-16 06:05:04,
324,13,69.0,"212 Main Rd, Bandra","72 Cross, Gachibowli",Bengaluru,13.81,1.5,100.96,460.04,COMPLETED,2025-11-05 23:51:57,2025-11-05 23:58:57,2025-11-06 00:38:57,
325,10,7.0,"249 Main Rd, MG Road","46 Main Rd, Powai",Bengaluru,10.35,1.5,110.92,244.08,COMPLETED,2024-07-28 07:16:38,2024-07-28 07:24:38,2024-07-28 08:04:38,
326,70,58.0,"7 Street, Aundh","90 Main Rd, Viman Nagar",Mumbai,16.31,1.0,115.31,408.81,COMPLETED,2024-11-05 22:11:28,2024-11-05 22:17:28,2024-11-05 23:18:28,
327,28,20.0,"225 Main Rd, HSR","74 Cross, Indiranagar",Kolkata,21.56,1.2,63.55,50.0,CANCELLED,2024-08-25 07:30:29,,,2024-08-25 07:49:29
328,13,32.0,"192 Street, Aundh","154 Layout, Indiranagar",Bengaluru,21.37,1.2,86.01,0.0,ONGOING,2024-11-08 12:00:55,2024-11-08 12:04:55,,
329,64,61.0,"24 Street, Adyar","234 Street, Viman Nagar",Pune,16.81,1.5,68.18,75.0,CANCELLED,2024-11-27 10:57:01,,,2024-11-27 11:01:01
330,26,64.0,"208 Street, HSR","213 Cross, Gachibowli",Hyderabad,21.65,1.0,146.01,399.67,COMPLETED,2024-06-07 05:47:14,2024-06-07 05:50:14,2024-06-07 06:51:14,
331,30,28.0,"84 Street, MG Road","250 Main Rd, Powai",Delhi,6.67,1.0,115.71,50.0,CANCELLED,2025-07-17 23:52:23,,,2025-07-17 23:53:23
332,2,,"181 Layout, Salt Lake","12 Main Rd, Gachibowli",Ahmedabad,19.35,1.0,103.04,0.0,CANCELLED,2024-05-07 17:29:06,,,2024-05-07 17:31:06
333,11,41.0,"31 Main Rd, Adyar","112 Street, T Nagar",Bengaluru,14.58,1.5,171.26,551.35,COMPLETED,2025-07-08 06:07:57,2025-07-08 06:14:57,2025-07-08 07:33:57,
334,61,14.0,"19 Main Rd, Bandra","96 Cross, Gachibowli",Kolkata,8.4,1.5,69.95,0.0,ACCEPTED,2025-11-29 15:59:02,2025-11-29 16:04:02,,
335,75,21.0,"203 Street, MG Road","90 Main Rd, Viman Nagar",Chennai,5.11,1.5,82.56,145.99,COMPLETED,2025-10-15 17:55:34,2025-10-15 18:00:34,2025-10-15 19:18:34,
336,77,63.0,"97 Layout, Aundh","188 Main Rd, Viman Nagar",Delhi,20.86,1.5,68.69,612.21,COMPLETED,2025-07-02 05:28:04,2025-07-02 05:32:04,2025-07-02 06:31:04,
337,20,18.0,"133 Main Rd, Adyar","5 Street, Powai",Mumbai,19.24,1.2,153.46,0.0,ACCEPTED,2025-06-06 13:39:55,2025-06-06 13:47:55,,
338,80,33.0,"58 Main Rd, MG Road","150 Street, Gachibowli",Hyderabad,6.84,1.5,87.69,0.0,ACCEPTED,2024-11-21 13:38:24,2024-11-21 13:46:24,,
339,2,68.0,"222 Main Rd, HSR","245 Street, Indiranagar",Ahmedabad,12.37,1.0,126.91,261.11,COMPLETED,2025-07-03 06:35:29,2025-07-03 06:39:29,2025-07-03 07:17:29,
340,26,60.0,"154 Main Rd, Aundh","191 Cross, Viman Nagar",Hyderabad,16.88,1.5,77.14,50.0,CANCELLED,2025-11-09 16:44:06,,,2025-11-09 17:00:06
341,65,,"84 Layout, MG Road","153 Cross, Indiranagar",Delhi,6.88,1.2,95.0,0.0,REQUESTED,2025-12-10 14:23:28,,,
342,31,40.0,"30 Street, HSR","51 Street, Powai",Hyderabad,7.09,1.0,179.17,277.35,COMPLETED,2024-12-14 06:22:07,2024-12-14 06:23:07,2024-12-14 07:01:07,
343,63,18.0,"140 Layout, Aundh","156 Street, Gachibowli",Mumbai,5.63,1.0,120.21,198.71,COMPLETED,2025-05-05 15:06:52,2025-05-05 15:08:52,2025-05-05 15:57:52,
344,37,58.0,"173 Layout, Aundh","230 Layout, Indiranagar",Mumbai,4.26,1.0,106.55,0.0,ACCEPTED,2024-05-17 10:33:27,2024-05-17 10:36:27,,
345,60,54.0,"29 Layout, Salt Lake","78 Main Rd, Connaught Place",Pune,22.78,1.5,126.36,629.26,COMPLETED,2024-08-01 05:53:00,2024-08-01 06:00:00,2024-08-01 07:23:00,
346,10,69.0,"72 Layout, Salt Lake","236 Street, Connaught Place",Bengaluru,19.16,1.2,107.6,492.6,COMPLETED,2025-10-03 20:48:27,2025-10-03 20:55:27,2025-10-03 22:14:27,
347,15,20.0,"79 Main Rd, Adyar","166 Street, T Nagar",Kolkata,6.0,1.0,146.46,0.0,ONGOING,2024-07-19 10:15:25,2024-07-19 10:21:25,,
348,14,34.0,"117 Street, MG Road","63 Main Rd, Viman Nagar",Bengaluru,23.22,1.0,172.95,546.16,COMPLETED,2024-09-15 06:38:05,2024-09-15 06:45:05,2024-09-15 08:02:05,
349,62,49.0,"56 Street, Adyar","14 Street, T Nagar",Kolkata,9.15,1.2,84.67,0.0,ONGOING,2025-02-08 14:17:53,2025-02-08 14:21:53,,
350,47,17.0,"195 Street, MG Road","95 Main Rd, Indiranagar",Hyderabad,9.88,1.2,159.81,361.57,COMPLETED,2025-07-08 19:03:14,2025-07-08 19:06:14,2025-07-08 19:38:14,
